run,dataset,model,depth,width,bias,seed,epochs,batch,lr,workers,checkpoint_epoch,clean,subset_clean,certified_0.25,subset_certified_0.25,pgd_0.25,autoattack_0.25,certified_0.5,subset_certified_0.5,pgd_0.5,autoattack_0.5,certified_1.0,subset_certified_1.0,pgd_1.0,autoattack_1.0,noise_0.01,noise_0.03,noise_0.05,training_hours
cifar10-residual-d20-default-s0,cifar10,residual,20,256,default,0,1000,64,0.01,4,580,0.7105,0.713,0.5399,0.527,0.628,0.612000048160553,0.3863,0.376,0.547,0.5100000500679016,0.1712,0.168,0.395,0.33400002121925354,0.7103,0.7067,0.7,10.207063421670657
cifar10-residual-d20-default-s1,cifar10,residual,20,256,default,1,1000,64,0.01,4,735,0.7148,0.71,0.5538,0.547,0.629,0.6140000224113464,0.3971,0.371,0.562,0.51500004529953,0.1827,0.184,0.392,0.3370000123977661,0.7133,0.7089,0.6966,10.968105369971859
cifar10-residual-d20-default-s2,cifar10,residual,20,256,default,2,1000,64,0.01,4,624,0.709,0.707,0.5453,0.53,0.638,0.6200000047683716,0.3904,0.377,0.552,0.5070000290870667,0.1748,0.169,0.391,0.34200000762939453,0.708,0.7054,0.6951,10.560210486806204
cifar10-residual-d20-corrected-s0,cifar10,residual,20,256,corrected,0,1000,64,0.01,4,881,0.7069,0.708,0.5464,0.544,0.624,0.612000048160553,0.3996,0.383,0.553,0.51500004529953,0.1865,0.182,0.389,0.33400002121925354,0.7064,0.698,0.689,10.572289126736836
cifar10-residual-d20-corrected-s1,cifar10,residual,20,256,corrected,1,1000,64,0.01,4,798,0.7089,0.701,0.5439,0.533,0.628,0.6080000400543213,0.3941,0.375,0.545,0.5120000243186951,0.1816,0.17,0.385,0.3330000042915344,0.7081,0.7016,0.6906,10.62917387214541
cifar10-residual-d20-corrected-s2,cifar10,residual,20,256,corrected,2,1000,64,0.01,4,686,0.7053,0.696,0.5399,0.525,0.628,0.6030000448226929,0.3917,0.366,0.538,0.5010000467300415,0.1715,0.171,0.375,0.33100003004074097,0.704,0.7007,0.6896,10.58707115814245
cifar10-aol-d5-zero-s0,cifar10,aol,5,256,zero,0,100,128,0.001,4,100,0.4452,0.448,0.2965,0.292,0.384,,0.183,0.175,0.327,,0.0534,0.064,0.218,,0.4454,0.4445,0.4447,0.12263348411406494
cifar10-aol-d5-zero-s1,cifar10,aol,5,256,zero,1,100,128,0.001,4,97,0.444,0.442,0.2893,0.282,0.371,,0.171,0.166,0.305,,0.0477,0.062,0.202,,0.4437,0.4471,0.4454,0.12766298096316556
cifar10-aol-d5-zero-s2,cifar10,aol,5,256,zero,2,100,128,0.001,4,100,0.4398,0.431,0.2965,0.281,0.361,,0.1827,0.179,0.311,,0.054,0.056,0.213,,0.4396,0.4404,0.4396,0.12532752820911508
cifar10-aol-d5-corrected-s0,cifar10,aol,5,256,corrected,0,100,128,0.001,4,88,0.4338,0.412,0.2647,0.256,0.361,,0.1524,0.15,0.308,,0.035,0.038,0.21,,0.4341,0.4334,0.434,0.12752200125664886
cifar10-aol-d5-corrected-s1,cifar10,aol,5,256,corrected,1,100,128,0.001,4,100,0.4392,0.438,0.2807,0.256,0.357,,0.1706,0.159,0.304,,0.048,0.054,0.203,,0.4394,0.4392,0.4398,0.13277095952899093
cifar10-aol-d5-corrected-s2,cifar10,aol,5,256,corrected,2,100,128,0.001,4,94,0.4364,0.421,0.2788,0.278,0.369,,0.1633,0.152,0.315,,0.038,0.042,0.212,,0.4357,0.4357,0.4356,0.1275483069351564
cifar10-aol-d15-zero-s0,cifar10,aol,15,256,zero,0,100,128,0.001,4,32,0.1,0.094,0.0,0.0,0.094,,0.0,0.0,0.094,,0.0,0.0,0.094,,0.1,0.1,0.1,0.1523143427244698
cifar10-aol-d15-zero-s1,cifar10,aol,15,256,zero,1,100,128,0.001,4,6,0.1,0.102,0.0,0.0,0.102,,0.0,0.0,0.102,,0.0,0.0,0.102,,0.1,0.1,0.1,0.16313500982036608
cifar10-aol-d15-zero-s2,cifar10,aol,15,256,zero,2,100,128,0.001,4,13,0.1,0.116,0.0,0.0,0.116,,0.0,0.0,0.116,,0.0,0.0,0.116,,0.1,0.1,0.1,0.14589746435224596
cifar10-aol-d15-corrected-s0,cifar10,aol,15,256,corrected,0,100,128,0.001,4,19,0.1,0.11,0.0,0.0,0.11,,0.0,0.0,0.11,,0.0,0.0,0.11,,0.1,0.1,0.1,0.15039716124172425
cifar10-aol-d15-corrected-s1,cifar10,aol,15,256,corrected,1,100,128,0.001,4,10,0.1,0.11,0.0,0.0,0.11,,0.0,0.0,0.11,,0.0,0.0,0.11,,0.1,0.1,0.1,0.162488034169914
cifar10-aol-d15-corrected-s2,cifar10,aol,15,256,corrected,2,100,128,0.001,4,26,0.1,0.11,0.0,0.0,0.11,,0.0,0.0,0.11,,0.0,0.0,0.11,,0.1,0.1,0.1,0.15311367267794493
cifar10-aol-d30-zero-s0,cifar10,aol,30,256,zero,0,100,128,0.001,4,32,0.1,0.094,0.0,0.0,0.094,,0.0,0.0,0.094,,0.0,0.0,0.094,,0.1,0.1,0.1,0.27231368163083164
cifar10-aol-d30-zero-s1,cifar10,aol,30,256,zero,1,100,128,0.001,4,6,0.1,0.102,0.0,0.0,0.102,,0.0,0.0,0.102,,0.0,0.0,0.102,,0.1,0.1,0.1,0.2671522733869238
cifar10-aol-d30-zero-s2,cifar10,aol,30,256,zero,2,100,128,0.001,4,13,0.1,0.116,0.0,0.0,0.116,,0.0,0.0,0.116,,0.0,0.0,0.116,,0.1,0.1,0.1,0.2670892915755717
cifar10-aol-d30-corrected-s0,cifar10,aol,30,256,corrected,0,100,128,0.001,4,19,0.1,0.11,0.0,0.0,0.11,,0.0,0.0,0.11,,0.0,0.0,0.11,,0.1,0.1,0.1,0.29495242957698387
cifar10-aol-d30-corrected-s1,cifar10,aol,30,256,corrected,1,100,128,0.001,4,4,0.1,0.11,0.0,0.0,0.11,,0.0,0.0,0.11,,0.0,0.0,0.11,,0.1,0.1,0.1,0.26280262071121896
cifar10-aol-d30-corrected-s2,cifar10,aol,30,256,corrected,2,100,128,0.001,4,26,0.1,0.11,0.0,0.0,0.11,,0.0,0.0,0.11,,0.0,0.0,0.11,,0.1,0.1,0.1,0.25969203943955815
cifar10-sll-d5-zero-s0,cifar10,sll,5,256,zero,0,100,128,0.001,4,96,0.4388,0.43,0.2979,0.28,0.365,,0.1873,0.18,0.305,,0.0543,0.061,0.207,,0.4392,0.4406,0.4402,0.12773068084433262
cifar10-sll-d5-zero-s1,cifar10,sll,5,256,zero,1,100,128,0.001,4,97,0.4439,0.44,0.2881,0.279,0.381,,0.1748,0.166,0.32,,0.0503,0.063,0.199,,0.4436,0.4445,0.4444,0.13087185389465755
cifar10-sll-d5-zero-s2,cifar10,sll,5,256,zero,2,100,128,0.001,4,100,0.4423,0.438,0.2933,0.287,0.375,,0.1809,0.176,0.319,,0.0533,0.056,0.22,,0.4417,0.4413,0.4429,0.1287286573032745
cifar10-sll-d5-corrected-s0,cifar10,sll,5,256,corrected,0,100,128,0.001,4,88,0.4429,0.443,0.2726,0.271,0.364,,0.1602,0.158,0.307,,0.0444,0.045,0.21,,0.4421,0.4434,0.4433,0.126016301589811
cifar10-sll-d5-corrected-s1,cifar10,sll,5,256,corrected,1,100,128,0.001,4,100,0.4401,0.429,0.2889,0.265,0.358,,0.1768,0.166,0.295,,0.052,0.061,0.208,,0.4406,0.4404,0.4393,0.1264482574708139
cifar10-sll-d5-corrected-s2,cifar10,sll,5,256,corrected,2,100,128,0.001,4,92,0.4355,0.412,0.2746,0.269,0.35,,0.1649,0.164,0.303,,0.0446,0.054,0.206,,0.4352,0.4346,0.4329,0.12636775802769182
cifar10-sll-d15-zero-s0,cifar10,sll,15,256,zero,0,100,128,0.001,4,32,0.1,0.094,0.0,0.0,0.094,,0.0,0.0,0.094,,0.0,0.0,0.094,,0.1,0.1,0.1,0.1844215467132421
cifar10-sll-d15-zero-s1,cifar10,sll,15,256,zero,1,100,128,0.001,4,6,0.1,0.102,0.0,0.0,0.102,,0.0,0.0,0.102,,0.0,0.0,0.102,,0.1,0.1,0.1,0.18040341014973818
cifar10-sll-d15-zero-s2,cifar10,sll,15,256,zero,2,100,128,0.001,4,13,0.1,0.116,0.0,0.0,0.116,,0.0,0.0,0.116,,0.0,0.0,0.116,,0.1,0.1,0.1,0.17266198455614762
cifar10-sll-d15-corrected-s0,cifar10,sll,15,256,corrected,0,100,128,0.001,4,19,0.1,0.11,0.0,0.0,0.11,,0.0,0.0,0.11,,0.0,0.0,0.11,,0.1,0.1,0.1,0.1874520844122809
cifar10-sll-d15-corrected-s1,cifar10,sll,15,256,corrected,1,100,128,0.001,4,10,0.1,0.11,0.0,0.0,0.11,,0.0,0.0,0.11,,0.0,0.0,0.11,,0.1,0.1,0.1,0.17004068279535406
cifar10-sll-d15-corrected-s2,cifar10,sll,15,256,corrected,2,100,128,0.001,4,26,0.1,0.11,0.0,0.0,0.11,,0.0,0.0,0.11,,0.0,0.0,0.11,,0.1,0.1,0.1,0.1902151261130348
cifar10-sll-d30-zero-s0,cifar10,sll,30,256,zero,0,100,128,0.001,4,32,0.1,0.094,0.0,0.0,0.094,,0.0,0.0,0.094,,0.0,0.0,0.094,,0.1,0.1,0.1,0.3272210845920361
cifar10-sll-d30-zero-s1,cifar10,sll,30,256,zero,1,100,128,0.001,4,6,0.1,0.102,0.0,0.0,0.102,,0.0,0.0,0.102,,0.0,0.0,0.102,,0.1,0.1,0.1,0.3242793349585392
cifar10-sll-d30-zero-s2,cifar10,sll,30,256,zero,2,100,128,0.001,4,13,0.1,0.116,0.0,0.0,0.116,,0.0,0.0,0.116,,0.0,0.0,0.116,,0.1,0.1,0.1,0.305972715900797
cifar10-sll-d30-corrected-s0,cifar10,sll,30,256,corrected,0,100,128,0.001,4,19,0.1,0.11,0.0,0.0,0.11,,0.0,0.0,0.11,,0.0,0.0,0.11,,0.1,0.1,0.1,0.3338185775016124
cifar10-sll-d30-corrected-s1,cifar10,sll,30,256,corrected,1,100,128,0.001,4,4,0.1,0.11,0.0,0.0,0.11,,0.0,0.0,0.11,,0.0,0.0,0.11,,0.1,0.1,0.1,0.30234016645648
cifar10-sll-d30-corrected-s2,cifar10,sll,30,256,corrected,2,100,128,0.001,4,26,0.1,0.11,0.0,0.0,0.11,,0.0,0.0,0.11,,0.0,0.0,0.11,,0.1,0.1,0.1,0.30963385487130535
covertype-sll-d5-zero-s0,covertype,sll,5,64,zero,0,25,64,0.001,0,25,0.7317367021505469,,,,,,,,,,,,,,,,,0.3239668031243814
covertype-sll-d5-zero-s1,covertype,sll,5,64,zero,1,25,64,0.001,0,23,0.7311945474729568,,,,,,,,,,,,,,,,,0.3270880368522679
covertype-sll-d5-zero-s2,covertype,sll,5,64,zero,2,25,64,0.001,0,25,0.73128920940079,,,,,,,,,,,,,,,,,0.30939047091537053
covertype-sll-d5-zero-s3,covertype,sll,5,64,zero,3,25,64,0.001,0,16,0.7333717718131202,,,,,,,,,,,,,,,,,0.31411479531839076
covertype-sll-d5-zero-s4,covertype,sll,5,64,zero,4,25,64,0.001,0,22,0.733802053303271,,,,,,,,,,,,,,,,,0.31099063567920693
covertype-sll-d5-zero-s5,covertype,sll,5,64,zero,5,25,64,0.001,0,15,0.7312375756219719,,,,,,,,,,,,,,,,,0.31224728058454476
covertype-sll-d5-zero-s6,covertype,sll,5,64,zero,6,25,64,0.001,0,21,0.7330017297315904,,,,,,,,,,,,,,,,,0.3043743654780297
covertype-sll-d5-zero-s7,covertype,sll,5,64,zero,7,25,64,0.001,0,25,0.7314010825882292,,,,,,,,,,,,,,,,,0.31230950855287826
covertype-sll-d5-zero-s8,covertype,sll,5,64,zero,8,25,64,0.001,0,24,0.7341462784953917,,,,,,,,,,,,,,,,,0.3119566720470579
covertype-sll-d5-zero-s9,covertype,sll,5,64,zero,9,25,64,0.001,0,21,0.733311532404499,,,,,,,,,,,,,,,,,0.3180655114890801
covertype-sll-d5-default-s0,covertype,sll,5,64,default,0,25,64,0.001,0,10,0.7310826742855175,,,,,,,,,,,,,,,,,0.31762730369654796
covertype-sll-d5-default-s1,covertype,sll,5,64,default,1,25,64,0.001,0,23,0.7295422665507775,,,,,,,,,,,,,,,,,0.31897271116626347
covertype-sll-d5-default-s2,covertype,sll,5,64,default,2,25,64,0.001,0,22,0.7310482517663055,,,,,,,,,,,,,,,,,0.3028411373475359
covertype-sll-d5-default-s3,covertype,sll,5,64,default,3,25,64,0.001,0,16,0.7349121795478603,,,,,,,,,,,,,,,,,0.3157085363427177
covertype-sll-d5-default-s4,covertype,sll,5,64,default,4,25,64,0.001,0,22,0.7347400669517998,,,,,,,,,,,,,,,,,0.30932038379522664
covertype-sll-d5-default-s5,covertype,sll,5,64,default,5,25,64,0.001,0,15,0.7347056444325878,,,,,,,,,,,,,,,,,0.3265735009798987
covertype-sll-d5-default-s6,covertype,sll,5,64,default,6,25,64,0.001,0,25,0.7318571809677892,,,,,,,,,,,,,,,,,0.30871007257089433
covertype-sll-d5-default-s7,covertype,sll,5,64,default,7,25,64,0.001,0,25,0.7333631661833171,,,,,,,,,,,,,,,,,0.32462509032856257
covertype-sll-d5-default-s8,covertype,sll,5,64,default,8,25,64,0.001,0,24,0.7326058707606516,,,,,,,,,,,,,,,,,0.31192410945581894
covertype-sll-d5-default-s9,covertype,sll,5,64,default,9,25,64,0.001,0,21,0.7340602221973616,,,,,,,,,,,,,,,,,0.31717377870602326
covertype-sll-d5-corrected-s0,covertype,sll,5,64,corrected,0,25,64,0.001,0,25,0.7328554340249391,,,,,,,,,,,,,,,,,0.30935141384912035
covertype-sll-d5-corrected-s1,covertype,sll,5,64,corrected,1,25,64,0.001,0,20,0.731788335929365,,,,,,,,,,,,,,,,,0.314967061345362
covertype-sll-d5-corrected-s2,covertype,sll,5,64,corrected,2,25,64,0.001,0,22,0.7346281937643606,,,,,,,,,,,,,,,,,0.31824483106068024
covertype-sll-d5-corrected-s3,covertype,sll,5,64,corrected,3,25,64,0.001,0,16,0.7339139264907102,,,,,,,,,,,,,,,,,0.3178303980051229
covertype-sll-d5-corrected-s4,covertype,sll,5,64,corrected,4,25,64,0.001,0,22,0.7357211087493438,,,,,,,,,,,,,,,,,0.3167631190187401
covertype-sll-d5-corrected-s5,covertype,sll,5,64,corrected,5,25,64,0.001,0,25,0.7359620663838283,,,,,,,,,,,,,,,,,0.3118062256488742
covertype-sll-d5-corrected-s6,covertype,sll,5,64,corrected,6,25,64,0.001,0,21,0.7327435608374999,,,,,,,,,,,,,,,,,0.3057924784326719
covertype-sll-d5-corrected-s7,covertype,sll,5,64,corrected,7,25,64,0.001,0,25,0.7357211087493438,,,,,,,,,,,,,,,,,0.32079291448773195
covertype-sll-d5-corrected-s8,covertype,sll,5,64,corrected,8,25,64,0.001,0,23,0.7300586043389585,,,,,,,,,,,,,,,,,0.30818023702543645
covertype-sll-d5-corrected-s9,covertype,sll,5,64,corrected,9,25,64,0.001,0,21,0.734808911990224,,,,,,,,,,,,,,,,,0.3151321382608472
covertype-sll-d15-zero-s0,covertype,sll,15,64,zero,0,25,64,0.001,0,22,0.7045773344922248,,,,,,,,,,,,,,,,,0.6905223088302753
covertype-sll-d15-zero-s1,covertype,sll,15,64,zero,1,25,64,0.001,0,20,0.7243530717795582,,,,,,,,,,,,,,,,,0.7155965278680539
covertype-sll-d15-zero-s2,covertype,sll,15,64,zero,2,25,64,0.001,0,25,0.727235957763569,,,,,,,,,,,,,,,,,0.6918551950125644
covertype-sll-d15-zero-s3,covertype,sll,15,64,zero,3,25,64,0.001,0,18,0.7055927988089808,,,,,,,,,,,,,,,,,0.7210787741627751
covertype-sll-d15-zero-s4,covertype,sll,15,64,zero,4,25,64,0.001,0,22,0.7252136347598599,,,,,,,,,,,,,,,,,0.7251186507733332
covertype-sll-d15-zero-s5,covertype,sll,15,64,zero,5,25,64,0.001,0,24,0.7151450478903298,,,,,,,,,,,,,,,,,0.7501495702254275
covertype-sll-d15-zero-s6,covertype,sll,15,64,zero,6,25,64,0.001,0,21,0.7162293572455101,,,,,,,,,,,,,,,,,0.745886665849636
covertype-sll-d15-zero-s7,covertype,sll,15,64,zero,7,25,64,0.001,0,25,0.721212016901457,,,,,,,,,,,,,,,,,0.6888964570681048
covertype-sll-d15-zero-s8,covertype,sll,15,64,zero,8,25,64,0.001,0,24,0.7225803120401366,,,,,,,,,,,,,,,,,0.7377193973958492
covertype-sll-d15-zero-s9,covertype,sll,15,64,zero,9,25,64,0.001,0,25,0.7195425247196716,,,,,,,,,,,,,,,,,0.7166178029630748
covertype-sll-d15-default-s0,covertype,sll,15,64,default,0,25,64,0.001,0,22,0.7110917962531088,,,,,,,,,,,,,,,,,0.7170778855753855
covertype-sll-d15-default-s1,covertype,sll,15,64,default,1,25,64,0.001,0,23,0.7085359242016127,,,,,,,,,,,,,,,,,0.7324836377773641
covertype-sll-d15-default-s2,covertype,sll,15,64,default,2,25,64,0.001,0,25,0.7280448869650525,,,,,,,,,,,,,,,,,0.6912071807377247
covertype-sll-d15-default-s3,covertype,sll,15,64,default,3,25,64,0.001,0,25,0.7082519384181132,,,,,,,,,,,,,,,,,0.7218563168852901
covertype-sll-d15-default-s4,covertype,sll,15,64,default,4,25,64,0.001,0,25,0.7193618064938082,,,,,,,,,,,,,,,,,0.7258165123572367
covertype-sll-d15-default-s5,covertype,sll,15,64,default,5,25,64,0.001,0,24,0.7134497388191354,,,,,,,,,,,,,,,,,0.7176462806280082
covertype-sll-d15-default-s6,covertype,sll,15,64,default,6,25,64,0.001,0,24,0.7064705730488886,,,,,,,,,,,,,,,,,0.7116255884529609
covertype-sll-d15-default-s7,covertype,sll,15,64,default,7,25,64,0.001,0,25,0.7281997883015069,,,,,,,,,,,,,,,,,0.7310911224223673
covertype-sll-d15-default-s8,covertype,sll,15,64,default,8,25,64,0.001,0,25,0.7198953555415953,,,,,,,,,,,,,,,,,0.7218408565088693
covertype-sll-d15-default-s9,covertype,sll,15,64,default,9,25,64,0.001,0,25,0.7258848738844952,,,,,,,,,,,,,,,,,0.677898020905753
covertype-sll-d15-corrected-s0,covertype,sll,15,64,corrected,0,25,64,0.001,0,17,0.6836828653304993,,,,,,,,,,,,,,,,,0.6963823606824089
covertype-sll-d15-corrected-s1,covertype,sll,15,64,corrected,1,25,64,0.001,0,1,0.4869323511441185,,,,,,,,,,,,,,,,,0.7198351532334669
covertype-sll-d15-corrected-s2,covertype,sll,15,64,corrected,2,25,64,0.001,0,25,0.70869943116787,,,,,,,,,,,,,,,,,0.7024530092202541
covertype-sll-d15-corrected-s3,covertype,sll,15,64,corrected,3,25,64,0.001,0,18,0.7068061926112063,,,,,,,,,,,,,,,,,0.7277034332365212
covertype-sll-d15-corrected-s4,covertype,sll,15,64,corrected,4,25,64,0.001,0,22,0.7041040248530589,,,,,,,,,,,,,,,,,0.6891482562773551
covertype-sll-d15-corrected-s5,covertype,sll,15,64,corrected,5,25,64,0.001,0,14,0.7042675318193162,,,,,,,,,,,,,,,,,0.7168977420921955
covertype-sll-d15-corrected-s6,covertype,sll,15,64,corrected,6,25,64,0.001,0,21,0.7055153481407537,,,,,,,,,,,,,,,,,0.6903643353749067
covertype-sll-d15-corrected-s7,covertype,sll,15,64,corrected,7,25,64,0.001,0,25,0.7022710257050162,,,,,,,,,,,,,,,,,0.7214126334153116
covertype-sll-d15-corrected-s8,covertype,sll,15,64,corrected,8,25,64,0.001,0,23,0.7060661084481468,,,,,,,,,,,,,,,,,0.7266563609884017
covertype-sll-d15-corrected-s9,covertype,sll,15,64,corrected,9,25,64,0.001,0,21,0.7055067425109507,,,,,,,,,,,,,,,,,0.7478322413460248
covertype-sll-d30-zero-s0,covertype,sll,30,64,zero,0,25,64,0.001,0,1,0.4869323511441185,,,,,,,,,,,,,,,,,1.2471222572452907
covertype-sll-d30-zero-s1,covertype,sll,30,64,zero,1,25,64,0.001,0,1,0.4869323511441185,,,,,,,,,,,,,,,,,1.3236470796426552
covertype-sll-d30-zero-s2,covertype,sll,30,64,zero,2,25,64,0.001,0,25,0.7097407123740351,,,,,,,,,,,,,,,,,1.2868698746441967
covertype-sll-d30-zero-s3,covertype,sll,30,64,zero,3,25,64,0.001,0,1,0.4869323511441185,,,,,,,,,,,,,,,,,1.360077685456102
covertype-sll-d30-zero-s4,covertype,sll,30,64,zero,4,25,64,0.001,0,1,0.4869323511441185,,,,,,,,,,,,,,,,,1.270572750977137
covertype-sll-d30-zero-s5,covertype,sll,30,64,zero,5,25,64,0.001,0,14,0.7087252480572791,,,,,,,,,,,,,,,,,1.2954659121892311
covertype-sll-d30-zero-s6,covertype,sll,30,64,zero,6,25,64,0.001,0,21,0.7136046401555898,,,,,,,,,,,,,,,,,1.2857170768987594
covertype-sll-d30-zero-s7,covertype,sll,30,64,zero,7,25,64,0.001,0,25,0.7128301334733183,,,,,,,,,,,,,,,,,1.3148566826831343
covertype-sll-d30-zero-s8,covertype,sll,30,64,zero,8,25,64,0.001,0,1,0.4869323511441185,,,,,,,,,,,,,,,,,1.2749427974343093
covertype-sll-d30-zero-s9,covertype,sll,30,64,zero,9,25,64,0.001,0,1,0.4869323511441185,,,,,,,,,,,,,,,,,1.3175559634223788
covertype-sll-d30-default-s0,covertype,sll,30,64,default,0,25,64,0.001,0,1,0.4869323511441185,,,,,,,,,,,,,,,,,1.2641042342399142
covertype-sll-d30-default-s1,covertype,sll,30,64,default,1,25,64,0.001,0,1,0.4869323511441185,,,,,,,,,,,,,,,,,1.334894156204019
covertype-sll-d30-default-s2,covertype,sll,30,64,default,2,25,64,0.001,0,1,0.4869323511441185,,,,,,,,,,,,,,,,,1.2673630269171876
covertype-sll-d30-default-s3,covertype,sll,30,64,default,3,25,64,0.001,0,1,0.4869323511441185,,,,,,,,,,,,,,,,,1.2991291331877517
covertype-sll-d30-default-s4,covertype,sll,30,64,default,4,25,64,0.001,0,1,0.4869323511441185,,,,,,,,,,,,,,,,,1.3298750461141269
covertype-sll-d30-default-s5,covertype,sll,30,64,default,5,25,64,0.001,0,1,0.4869323511441185,,,,,,,,,,,,,,,,,1.3156833175968172
covertype-sll-d30-default-s6,covertype,sll,30,64,default,6,25,64,0.001,0,1,0.4869323511441185,,,,,,,,,,,,,,,,,1.2720652452333727
covertype-sll-d30-default-s7,covertype,sll,30,64,default,7,25,64,0.001,0,1,0.4869323511441185,,,,,,,,,,,,,,,,,1.3410369913900893
covertype-sll-d30-default-s8,covertype,sll,30,64,default,8,25,64,0.001,0,1,0.4869323511441185,,,,,,,,,,,,,,,,,1.2719216043398611
covertype-sll-d30-default-s9,covertype,sll,30,64,default,9,25,64,0.001,0,1,0.4869323511441185,,,,,,,,,,,,,,,,,1.318219132323025
covertype-sll-d30-corrected-s0,covertype,sll,30,64,corrected,0,25,64,0.001,0,1,0.4869323511441185,,,,,,,,,,,,,,,,,1.2841172114640682
covertype-sll-d30-corrected-s1,covertype,sll,30,64,corrected,1,25,64,0.001,0,1,0.4869323511441185,,,,,,,,,,,,,,,,,1.3053001047805366
covertype-sll-d30-corrected-s2,covertype,sll,30,64,corrected,2,25,64,0.001,0,1,0.4869323511441185,,,,,,,,,,,,,,,,,1.2700708647998464
covertype-sll-d30-corrected-s3,covertype,sll,30,64,corrected,3,25,64,0.001,0,1,0.4869323511441185,,,,,,,,,,,,,,,,,1.3257574148708955
covertype-sll-d30-corrected-s4,covertype,sll,30,64,corrected,4,25,64,0.001,0,1,0.4869323511441185,,,,,,,,,,,,,,,,,1.2743028235507923
covertype-sll-d30-corrected-s5,covertype,sll,30,64,corrected,5,25,64,0.001,0,1,0.4869323511441185,,,,,,,,,,,,,,,,,1.28642568637203
covertype-sll-d30-corrected-s6,covertype,sll,30,64,corrected,6,25,64,0.001,0,1,0.4869323511441185,,,,,,,,,,,,,,,,,1.273452833307286
covertype-sll-d30-corrected-s7,covertype,sll,30,64,corrected,7,25,64,0.001,0,1,0.4869323511441185,,,,,,,,,,,,,,,,,1.3295656264376723
covertype-sll-d30-corrected-s8,covertype,sll,30,64,corrected,8,25,64,0.001,0,1,0.4869323511441185,,,,,,,,,,,,,,,,,1.2316926612503205
covertype-sll-d30-corrected-s9,covertype,sll,30,64,corrected,9,25,64,0.001,0,1,0.4869323511441185,,,,,,,,,,,,,,,,,1.23317204810472
